index,method,avg_turnover_per_step,std_turnover_per_step,n_steps
0,actor_critic,0.03156121274196354,0.22092893064090974,250000
1,belief_aware_actor_critic,0.03273077892433194,0.20715288191836068,250000
2,hindsight_training,0.0306515052777708,0.17570246998826258,250000
3,pg_loo,0.03379618983510349,0.1967386404411315,250000
4,vanilla_pg,0.030468300293938377,0.21327852666277097,250000
